﻿<?xml version="1.0" encoding="UTF-8"?>
<prefab>
  <property name="CopyAirBlocks" value="True" />
  <property name="ExcludeDistantPOIMesh" value="False" />
  <property name="ExcludePOICulling" value="False" />
  <property name="DistantPOIYOffset" value="0" />
  <property name="AllowTopSoilDecorations" value="False" />
  <property name="QuestTags" value="clear, fetch, restore_power" />
  <property name="ShowQuestClearCount" value="2" />
  <property name="DifficultyTier" value="4" />
  <property name="ThemeRepeatDistance" value="5000" />
  <property name="TraderArea" value="False" />
  <property name="PrefabSize" value="100, 32, 100" />
  <property name="RotationToFaceNorth" value="0" />
  <property name="Zoning" value="none" />
  <property name="SleeperVolumeSize" value="15, 5, 34#18, 5, 22#15, 7, 22#22, 17, 23#43, 8, 27#20, 13, 13#21, 9, 28#27, 8, 56#13, 3, 4#6, 3, 51#23, 3, 9#9, 3, 11#11, 3, 20#11, 3, 19" />
  <property name="SleeperVolumeStart" value="42, 1, 29#76, 9, 67#76, 14, 67#73, 4, 44#30, 13, 27#73, 8, 7#8, 13, 10#3, 13, 38#41, 7, 54#35, 7, 32#35, 7, 84#58, 7, 83#59, 7, 57#59, 7, 38" />
  <property name="SleeperVolumeGroupId" value="0,0,0,0,0,0,0,0,0,0,0,0,0,0" />
  <property name="SleeperVolumeGroup" value="zombieDemolition,2,2,S_-Group_NPC_Bandits_All,4,5,S_-Group_NPC_Bandits_Ranged,1,2,S_-Group_NPC_Bandits_All,2,3,S_-Group_NPC_Bandits_Melee,6,7,S_-Group_NPC_Bandits_All,5,6,S_-Group_NPC_Bandits_All,7,8,S_-Group_NPC_Bandits_Melee,3,4,S_-Group_NPC_Bandits_Melee,1,2,S_-Group_NPC_Bandits_All,1,2,S_-Group_NPC_Bandits_Melee,1,2,S_-Group_NPC_Bandits_Melee,1,2,S_-Group_NPC_Bandits_All,3,4,S_-Group_NPC_Bandits_All,3,4" />
  <property name="SleeperIsLootVolume" value="False,False,False,False,False,False,False,False,False,False,False,False,False,False" />
  <property name="SleeperIsQuestExclude" value="False,False,False,False,False,False,False,False,False,False,False,False,False,False" />
  <property name="SleeperVolumeFlags" value="1,0,0,0,0,0,0,0,0,0,0,0,0,0" />
  <property name="YOffset" value="-13" />
  <property name="EditorGroups" value="Wilderness" />
  <property name="Tags" value="wilderness" />
  <property name="SleeperVolumeTriggeredBy" value=" # # # # # # # # # # # # # " />
  <property class="IndexedBlockOffsets">
    <property class="TraderOnOff">
      <property name="0" value="86, 13, 89" />
    </property>
    <property class="POILight">
      <property name="0" value="89, 9, 83" />
      <property name="1" value="87, 15, 87" />
      <property name="2" value="86, 15, 90" />
    </property>
    <property class="FetchContainer">
      <property name="0" value="90, 18, 16" />
    </property>
    <property class="QuestRestorePower">
      <property name="0" value="78, 18, 13" />
    </property>
    <property class="quest_wood_trees">
      <property name="0" value="93, 13, 44" />
    </property>
    <property class="Rally">
      <property name="0" value="49, 14, 97" />
    </property>
    <property class="brBlock">
      <property name="0" value="67, 28, 32" />
    </property>
  </property>
  <property class="Stats">
    <property name="TotalVertices" value="3172123" />
    <property name="TotalTriangles" value="1389677" />
    <property class="BlockEntities">
      <property name="Vertices" value="2711784" />
      <property name="Triangles" value="1054184" />
    </property>
    <property class="ChunkMeshes0">
      <property name="Vertices" value="408925" />
      <property name="Triangles" value="258155" />
    </property>
    <property class="ChunkMeshes1">
      <property name="Vertices" value="0" />
      <property name="Triangles" value="0" />
    </property>
    <property class="ChunkMeshes2">
      <property name="Vertices" value="0" />
      <property name="Triangles" value="0" />
    </property>
    <property class="ChunkMeshes3">
      <property name="Vertices" value="5956" />
      <property name="Triangles" value="3662" />
    </property>
    <property class="ChunkMeshes4">
      <property name="Vertices" value="0" />
      <property name="Triangles" value="0" />
    </property>
    <property class="ChunkMeshes5">
      <property name="Vertices" value="0" />
      <property name="Triangles" value="0" />
    </property>
    <property class="ChunkMeshes6">
      <property name="Vertices" value="45458" />
      <property name="Triangles" value="73676" />
    </property>
  </property>
</prefab>