﻿<?xml version="1.0" encoding="UTF-8"?>
<prefab>
  <property name="CopyAirBlocks" value="True" />
  <property name="AllowTopSoilDecorations" value="False" />
  <property name="RotationToFaceNorth" value="2" />
  <property name="YOffset" value="-2" />
  <property name="Zoning" value="Industrial" />
  <property name="AllowedTownships" value="wilderness" />
  <property name="Age" value="Old" />
  <property name="Condition" value="Normal" />
  <property name="ExcludeDistantPOIMesh" value="False" />
  <property name="TraderArea" value="False" />
  <property name="SleeperVolumeSize" value="14, 13, 14#5, 12, 7#9, 4, 14#9, 12, 9#51, 3, 10#13, 3, 22#13, 3, 19#30, 3, 9#23, 9, 10#13, 3, 9#15, 9, 22" />
  <property name="SleeperVolumeStart" value="29, 1, 24#34, 2, 39#43, 1, 24#14, 1, 14#1, 1, 46#1, 1, 24#1, 1, 5#14, 1, 5#29, 1, 14#39, 1, 37#14, 2, 24" />
  <property name="SleeperVolumeGroup" value="S_-Group_NPC_Arachnids_Boss,1,1,S_-Group_NPC_Arachnids_All,1,2,S_-Group_NPC_Arachnids_All,2,3,S_-Group_NPC_Arachnids_All,2,3,S_-Group_NPC_Arachnids_All,2,3,S_-Group_NPC_Arachnids_All,2,3,S_-Group_NPC_Arachnids_All,2,3,S_-Group_NPC_Arachnids_All,2,3,S_-Group_NPC_Arachnids_All,2,6,S_-Group_NPC_Arachnids_All,1,2,S_-Group_NPC_Arachnids_All,4,8" />
  <property name="SleeperVolumeGameStageAdjust" value="" />
  <property name="SleeperIsLootVolume" value="False,False,False,False,False,False,False,False,False,False,False" />
  <property name="DistantPOIYOffset" value="0" />
  <property name="EditorGroups" value="Wilderness, government" />
  <property name="SleeperIsBossVolume" value="False,False,False,False,False,False,False,False,False" />
  <property name="QuestTags" value="clear, fetch, hidden_cache" />
  <property name="DifficultyTier" value="2" />
  <property name="ExcludePOICulling" value="False" />
  <property name="SleeperVolumeGroupId" value="0,0,0,0,0,0,0,0,0,0,0" />
  <property name="SleeperVolumeFlags" value="0,0,0,0,0,0,0,0,0,0,0" />
  <property name="ShowQuestClearCount" value="1" />
  <property name="SleeperIsQuestExclude" value="False,False,False,False,False,False,False,False,False,False,False" />
  <property name="Tags" value="wilderness" />
  <property name="POIMarkerSize" value="3, 1, 3" />
  <property name="POIMarkerStart" value="26, 1, 0" />
  <property name="POIMarkerGroup" value="new" />
  <property name="POIMarkerTags" value="" />
  <property name="POIMarkerType" value="RoadExit" />
  <property name="POIMarkerPartToSpawn" value="" />
  <property name="POIMarkerPartRotations" value="2" />
  <property name="POIMarkerPartSpawnChance" value="1" />
  <property name="PrefabSize" value="53, 12, 57" />
  <property name="SleeperVolumeTriggeredBy" value=" # # # # # # # # # # " />
  <property class="Stats">
    <property name="TotalVertices" value="224099" />
    <property name="TotalTriangles" value="127419" />
    <property class="BlockEntities">
      <property name="Vertices" value="195516" />
      <property name="Triangles" value="99873" />
    </property>
    <property class="ChunkMeshes0">
      <property name="Vertices" value="19363" />
      <property name="Triangles" value="12258" />
    </property>
    <property class="ChunkMeshes1">
      <property name="Vertices" value="0" />
      <property name="Triangles" value="0" />
    </property>
    <property class="ChunkMeshes2">
      <property name="Vertices" value="0" />
      <property name="Triangles" value="0" />
    </property>
    <property class="ChunkMeshes3">
      <property name="Vertices" value="226" />
      <property name="Triangles" value="180" />
    </property>
    <property class="ChunkMeshes4">
      <property name="Vertices" value="0" />
      <property name="Triangles" value="0" />
    </property>
    <property class="ChunkMeshes5">
      <property name="Vertices" value="0" />
      <property name="Triangles" value="0" />
    </property>
    <property class="ChunkMeshes6">
      <property name="Vertices" value="8994" />
      <property name="Triangles" value="15108" />
    </property>
  </property>
  <property class="IndexedBlockOffsets">
    <property class="quest_wood_trees">
      <property name="0" value="51, 2, 55" />
    </property>
    <property class="POILight">
      <property name="0" value="36, 7, 43" />
    </property>
    <property class="FetchContainer">
      <property name="0" value="35, 8, 31" />
      <property name="1" value="34, 0, 32" />
      <property name="2" value="36, 1, 41" />
    </property>
    <property class="TraderOnOff">
      <property name="0" value="18, 2, 39" />
    </property>
    <property class="Rally">
      <property name="0" value="27, 2, 2" />
    </property>
  </property>
</prefab>