﻿<?xml version="1.0" encoding="UTF-8"?>
<prefab>
  <property name="CopyAirBlocks" value="True" />
  <property name="ExcludeDistantPOIMesh" value="False" />
  <property name="ExcludePOICulling" value="False" />
  <property name="DistantPOIYOffset" value="0" />
  <property name="AllowTopSoilDecorations" value="False" />
  <property name="DifficultyTier" value="0" />
  <property name="ShowQuestClearCount" value="1" />
  <property name="TraderArea" value="False" />
  <property name="PrefabSize" value="150, 23, 150" />
  <property name="RotationToFaceNorth" value="2" />
  <property name="Zoning" value="none" />
  <property name="POIMarkerSize" value="13, 8, 12#16, 0, 16#16, 0, 16#60, 0, 60#60, 0, 60#13, 3, 12#12, 4, 13#13, 4, 12#18, 5, 21#13, 16, 5#13, 16, 5#13, 16, 5#5, 17, 13#4, 17, 13#5, 15, 13#16, 0, 16#16, 0, 16#18, 2, 8#8, 2, 18#18, 2, 8#8, 2, 18" />
  <property name="POIMarkerStart" value="107, 3, 25#142, 4, 67#-8, 4, 67#85, 4, 87#5, 4, 0#6, 4, 119#109, 3, 44#24, 3, 127#128, 3, 29#53, 4, 143#53, 4, 143#52, 4, 143#144, 4, 53#145, 4, 53#144, 4, 53#67, 4, 142#67, 4, -8#66, 3, 142#142, 3, 66#66, 3, 0#0, 3, 66" />
  <property name="POIMarkerGroup" value="camps,new3,new4,1,2,camps,camps,carwrecks,camps,billboards,billboards,billboards,billboards,billboards,billboards,new,new2,highwayN,highwayE,highwayS,highwayW" />
  <property name="POIMarkerTags" value="####nocheckpoint################" />
  <property name="POIMarkerType" value="PartSpawn,RoadExit,RoadExit,POISpawn,POISpawn,PartSpawn,PartSpawn,PartSpawn,PartSpawn,PartSpawn,PartSpawn,PartSpawn,PartSpawn,PartSpawn,PartSpawn,RoadExit,RoadExit,PartSpawn,PartSpawn,PartSpawn,PartSpawn" />
  <property name="POIMarkerPartToSpawn" value="part_survivor_camp_01,,,,,part_survivor_camp_02,part_survivor_camp_03,part_survivor_camp_03,part_military_camp,part_billboard_luigi,part_billboard_mammapizza,part_billboard_meltdowns,part_billboard_mycell,part_billboard_pills,part_billboard_umove,,,part_highway_transition,part_highway_transition,part_highway_transition,part_highway_transition" />
  <property name="POIMarkerPartRotations" value="3,3,1,1,3,3,0,1,0,0,0,0,3,3,3,0,2,0,1,2,3" />
  <property name="POIMarkerPartSpawnChance" value="0.1,1,1,1,1,0.1,0.1,0.1,0.1,0.05,0.05,0.05,0.05,0.05,0.05,1,1,0.09,0,0.03,0" />
  <property name="YOffset" value="-4" />
  <property name="SleeperVolumeSize" value="7, 2, 18#130, 3, 27#28, 3, 32#18, 3, 55#18, 3, 52" />
  <property name="SleeperVolumeStart" value="35, 1, 66#8, 4, 60#30, 4, 94#66, 4, 87#66, 4, 8" />
  <property name="SleeperVolumeGroupId" value="0,1,0,1,1" />
  <property name="SleeperVolumeGroup" value="zombieMutated,4,5,S_-Group_NPC_Military_Ranged,6,7,S_-Group_NPC_Military_Ranged,3,4,S_-Group_Generic_Zombie,0,0,S_-Group_Generic_Zombie,0,0" />
  <property name="SleeperIsLootVolume" value="False,False,False,False,False" />
  <property name="SleeperIsQuestExclude" value="False,False,False,False,False" />
  <property name="SleeperVolumeFlags" value="0,0,0,0,0" />
  <property name="SleeperVolumeTriggeredBy" value=" # # # # " />
  <property name="Tags" value="hideui" />
  <property class="Stats">
    <property name="TotalVertices" value="895827" />
    <property name="TotalTriangles" value="565017" />
    <property class="BlockEntities">
      <property name="Vertices" value="796980" />
      <property name="Triangles" value="439853" />
    </property>
    <property class="ChunkMeshes0">
      <property name="Vertices" value="33173" />
      <property name="Triangles" value="25112" />
    </property>
    <property class="ChunkMeshes1">
      <property name="Vertices" value="6144" />
      <property name="Triangles" value="3072" />
    </property>
    <property class="ChunkMeshes2">
      <property name="Vertices" value="0" />
      <property name="Triangles" value="0" />
    </property>
    <property class="ChunkMeshes3">
      <property name="Vertices" value="0" />
      <property name="Triangles" value="0" />
    </property>
    <property class="ChunkMeshes4">
      <property name="Vertices" value="0" />
      <property name="Triangles" value="0" />
    </property>
    <property class="ChunkMeshes5">
      <property name="Vertices" value="0" />
      <property name="Triangles" value="0" />
    </property>
    <property class="ChunkMeshes6">
      <property name="Vertices" value="59530" />
      <property name="Triangles" value="96980" />
    </property>
  </property>
  <property class="IndexedBlockOffsets">
    <property class="quest_wood_trees">
      <property name="0" value="144, 4, 58" />
    </property>
    <property class="POILight">
      <property name="0" value="77, 10, 83" />
      <property name="1" value="81, 10, 83" />
      <property name="2" value="84, 13, 84" />
    </property>
    <property class="QuestRestorePower">
      <property name="0" value="69, 4, 82" />
    </property>
    <property class="TraderOnOff">
      <property name="0" value="43, 17, 118" />
    </property>
  </property>
</prefab>